Chamber,Day,Committee Name,Bill Number,Bill Author,Caption,Stance,Action
House,Monday,Public Health,HB 35,Thompson,Relating to a peer support network for first responders.,,
House,Monday,Public Health,HB 4490,Smithee,Relating to an exemption from required disclosure of information related to the next of kin of deceased persons.,,
House,Monday,Public Health,HB 4454,Vo,Relating to solicitation of patients and other prohibited marketing practices and the establishment of the task force on patient solicitation; increasing criminal penalties.,,
House,Monday,Public Health,HB 2188,Howard,Relating to the transition of the nurse aide certification program from the Health and Human Services Commission to the Texas Board of Nursing and the creation of a workgroup on nursing career pathways.,,
House,Monday,Public Health,HB 3794,Darby | et al. Posting Rule Suspended,Relating to the licensing and regulation of advanced practice registered nurses and the payment of independent advanced practice registered nurses in certain government employee health plans.,,
House,Monday,Public Health,HB 3078,Darby,"Relating to manufacturer fees for operation of a real-time electronic logging system to track over-the-counter sales of ephedrine, pseudoephedrine, or norpseudoephedrine; imposing a fee; authorizing an administrative penalty.",,
House,Monday,Public Health,HB 4743,Bonnen,Relating to the issuance of a single license for a hospital and a mobile stroke unit of the hospital.,,
House,Monday,Public Health,HB 2556,Frank,Relating to certain health care transaction fees and payment claims and inclusion of a national provider identifier on a payment claim; providing an administrative penalty.,,
House,Monday,Public Health,HB 46,King | et al.,Relating to the medical use of low-THC cannabis under and the administration of the Texas Compassionate-Use Program.,,
House,Monday,Public Health,HB 5342,Landgraf,"Relating to the provision of behavioral health crisis services, including the operation of crisis centers and mobile crisis outreach teams; authorizing a fee.",,
House,Monday,Public Health,HB 4783,VanDeaver,Relating to a report on governmental opioid antagonist programs to reverse and prevent opioid overdoses.,,
House,Monday,Public Health,HB 3785,Gervin-Hawkins,Relating to labeling requirements for compounded drug products.,,
House,Monday,Public Health,HB 1639,Patterson | et al.,Relating to a study on the increased incidence of cancer in female firefighters in this state.,,
House,Monday,Public Health,HB 2581,Hull,Relating to the information required for payment of services provided through the Thriving Texas Families Program.,,
House,Monday,Public Health,HB 4224,Hull,Relating to information regarding consumer access to health care records.,,
House,Monday,Public Health,HB 4070,Johnson,"Relating to the sale, design, and manufacture of orthodontic devices.",,
House,Monday,Public Health,HB 4099,Harris Davila,Relating to the treatment of a patient by a physical therapist without a referral.,,
House,Monday,Public Health,HB 4882,Shofner,Relating to newborn or infant testing for congenital cytomegalovirus.,,
House,Monday,Public Health,HB 5278,posting: HB 5278,,,
House,Monday,S/C on Juvenile Justice,HB 1821,Bowers | et al. Posting Rule Suspended,Relating to information regarding the procedures and available resources for the sealing of juvenile records.,,
House,Monday,S/C on Juvenile Justice,HB 1822,Bowers | et al. Posting Rule Suspended,Relating to the jurisdiction of a juvenile court over certain persons and to the sealing and nondisclosure of certain juvenile records.,,
House,Monday,S/C on Juvenile Justice,HB 1943,Landgraf Posting Rule Suspended,Relating to compensation for the members of the Winkler County Juvenile Board.,,
House,Monday,S/C on Juvenile Justice,HB 3882,Lalani Posting Rule Suspended,Relating to the participation of certain juvenile justice entities in the Jobs and Education for Texans (JET) Grant Program.,,
House,Monday,S/C on Juvenile Justice,HB 4263,Cook Posting Rule Suspended,Relating to the employment practices of the Texas Juvenile Justice Department and to the eligibility of a person to be appointed to the Texas Juvenile Justice Department's release review panel and the authority of a panel member.,,
House,Monday,S/C on Juvenile Justice,HB 4476,McLaughlin Posting Rule Suspended,"Relating to the waiver of jurisdiction by a juvenile court for certain children who are accused of committing certain offenses involving the use or exhibition of a firearm, the mandatory transfer of jurisdiction for those children to a criminal court, and an order of expunction issued with respect to those offenses.",,
House,Monday,S/C on Juvenile Justice,HB 4628,Moody Posting Rule Suspended,Relating to enhancement of the penalty for a felony conviction based on a juvenile delinquent conduct adjudication.,,
House,Monday,S/C on Juvenile Justice,HB 4631,Hickland Posting Rule Suspended,Relating to the preliminary investigation conducted when a child is referred to juvenile court.,,
House,Monday,S/C on Juvenile Justice,HB 4885,Moody Posting Rule Suspended,Relating to the disclosure of confidential juvenile records to a managed assigned counsel program.,,
House,Monday,S/C on Juvenile Justice,HB 4923,Moody Posting Rule Suspended,"Relating to status offenses committed by a child, including the repeal of the status offense of a child voluntarily running away from home.",,
House,Monday,S/C on Juvenile Justice,HB 5461,Kerwin Posting Rule Suspended,Relating to eligibility for supplemental nutrition assistance program benefits following certain parental truancy convictions.,,
House,Monday,S/C on Juvenile Justice,HB 5483,Patterson Posting Rule Suspended,Relating to the composition of the juvenile board of Grayson County.,,
House,Monday,S/C on Juvenile Justice,HB 5525,"Jones, Jolanda Posting Rule Suspended",Relating to parole guidelines and procedures for inmates convicted of an offense committed when younger than 18 years of age.,,
House,Monday,State Affairs,HB 45,Hull,Relating to the duty of the attorney general to prosecute human trafficking criminal offenses.,,
House,Monday,State Affairs,HB 755,Spiller,Relating to certain requirements applicable to certain public entities that engage in lobbying.,,
House,Monday,State Affairs,HB 1232,Turner,Relating to the reporting of violations of law under the whistleblower protection laws.,,
House,Monday,State Affairs,HB 1555,Shaheen,Relating to the creation of a select interim committee to review and make recommendations for substantive changes to ethics laws.,,
House,Monday,State Affairs,HB 2460,Leach,Relating to the attorney general's defense of a district or county attorney against certain lawsuits in federal court.,,
House,Monday,State Affairs,HB 2702,Raymond,Relating to prohibiting certain limitations on the operation of certain organizations that benefit veterans during a declared state of disaster.,,
House,Monday,State Affairs,HB 2973,"Morales, Eddie",Relating to the designation of spaceports as critical infrastructure facilities for purposes of criminal and civil liability.,,
House,Monday,State Affairs,HB 3120,Kitzman | et al.,Relating to certain duties of the owner or operator of a residential child d ention facility.,,
House,Monday,State Affairs,HB 3225,Alders | et al.,Relating to the prohibition of access by minors to sexually explicit materials in municipal public library collections; providing a civil penalty.,,
House,Monday,State Affairs,HB 3314,Harris | et al.,Relating to certain energy efficiency performance standards for residential construction.,,
House,Monday,State Affairs,HB 3356,Patterson,Relating to the applicability of certain generation reliability requirements.,,
House,Monday,State Affairs,HB 3371,Metcalf | et al.,Relating to the recovery of certain state border security expenditures from the federal government.,,
House,Monday,State Affairs,HB 3634,Metcalf,Relating to renaming the Gulf of Mexico as the Gulf of America.,,
House,Monday,State Affairs,HB 3638,Troxclair,Relating to a preference against state resources being used to compete against private commercial sources.,,
House,Monday,State Affairs,HB 4247,Metcalf,Relating to increasing the criminal penalty for destruction of a flag.,,
House,Monday,State Affairs,HB 4283,LaHood,Relating to the penalties imposed on municipalities for violating state law and the state constitution.,,
House,Monday,State Affairs,HB 4290,Darby,Relating to a qualifying cogenerator that serves a large load and a colocated desalination facility.,,
House,Monday,State Affairs,HB 4302,Metcalf,Relating to the recovery of vegetation management costs by electric utilities.,,
House,Monday,State Affairs,HB 4503,Bonnen,Relating to electronic health record requirements.,,
House,Monday,State Affairs,HB 4511,Smithee,Relating to wind energy rights and wind energy development agreements.,,
House,Monday,State Affairs,HB 4565,Curry,"Relating to access to certain law enforcement, corrections, prosecutorial, and civil enforcement records under the public information law.",,
House,Monday,State Affairs,HB 4581,Guillen,Relating to temporary emergency energy facilities.,,
House,Monday,State Affairs,HB 4627,McQueeney,Relating to electric service quality and reliability.,,
House,Monday,State Affairs,HB 4660,"Lopez, Janie | et al.",Relating to space flight activities.,,
House,Monday,State Affairs,HB 4668,King,Relating to the authority of the Public Utility Commission of Texas to retain assistance for regional proceedings affecting certain electric utilities and consumers.,,
House,Monday,State Affairs,HB 4960,Phelan,Relating to political advertising distributed or broadcast as part of a mass text message campaign and civil penalties for required disclosures on certain political advertising.,,
House,Monday,State Affairs,HB 5042,Hayes,"Relating to state preemption of and the effect of certain state health and safety laws on certain municipal and county regulations, including a law providing that an elephant is a dangerous wild animal.",,
House,Monday,State Affairs,HB 4632,posting: HB 4632,,,
House,Monday,"Pensions, Investments & Financial Services",HB 245,Wilson,Relating to the treatment of military service credit in the Employees Retirement System of Texas as law enforcement or custodial officer service.,,
House,Monday,"Pensions, Investments & Financial Services",HB 700,McQueeney,Relating to disclosures for certain commercial sales-based financing transactions and the registration of commercial sales-based financing brokers; authorizing a fee and providing a civil penalty.,,
House,Monday,"Pensions, Investments & Financial Services",HB 2783,"Garcia, Linda",Relating to automatic participation by certain county employees in deferred compensation plans provided by certain counties.,,
House,Monday,"Pensions, Investments & Financial Services",HB 3526,Capriglione,Relating to fiscal transparency for bonds issued by local governmental entities.,,
House,Monday,"Pensions, Investments & Financial Services",HB 3900,Guillen,Relating to investment of local governments' money in banks located in this state.,,
House,Monday,"Pensions, Investments & Financial Services",HB 4061,Patterson,Relating to unlawful practices relating to credit card transactions; providing a civil penalty.,,
House,Monday,"Pensions, Investments & Financial Services",HB 4124,Darby,Relating to the charging of swipe fees on certain electronic payment transactions; authorizing a civil penalty.,,
House,Monday,"Pensions, Investments & Financial Services",HB 4166,Guillen,Relating to an exemption for certain property owners from regulatory requirements for residential mortgage loan originators.,,
House,Monday,"Pensions, Investments & Financial Services",HB 4395,Turner,Relating to electronic submission and delivery of public securities and records of proceedings for those securities.,,
House,Monday,"Pensions, Investments & Financial Services",HB 4534,Metcalf,Relating to death benefits provided under certain police officer retirement systems.,,
House,Monday,"Pensions, Investments & Financial Services",HB 4609,Dean,"Relating to participation in, administration of, contributions to, and benefits under the Texas Municipal Retirement System.",,
House,Monday,"Pensions, Investments & Financial Services",HB 4641,Bonnen,Relating to the resumption of service by certain judicial officers under the Judicial Retirement System of Texas Plan Two.,,
House,Monday,"Pensions, Investments & Financial Services",HB 4736,Bonnen,Relating to the Texas Emergency Services Retirement System.,,
House,Monday,"Pensions, Investments & Financial Services",HB 4738,Geren,Relating to the elimination of the portion of the Loan Administration Fee remitted to the comptroller.,,
House,Monday,"Pensions, Investments & Financial Services",HB 4739,Geren,Relating to the elimination of the portion of the Retail Charge Agreement Delinquency Fee remitted to the comptroller.,,
House,Monday,"Pensions, Investments & Financial Services",HB 4945,Ashby,Relating to a study conducted by the Teacher Retirement System of Texas on the feasibility of offering alternative service retirement benefits to Texas A&M Forest Service wildland firefighters that are members of the retirement system.,,
House,Monday,"Pensions, Investments & Financial Services",HB 5015,Geren,Relating to participation by certain retirement systems in the proportionate retirement program.,,
House,Monday,"Pensions, Investments & Financial Services",HJR 175,Gerdes,"Proposing a constitutional amendment relating to the right to own, hold, and use a mutually agreed upon medium of exchange.",,
House,Monday,S/C on County & Regional Government,HB 1320,Schoolcraft,Relating to membership on county Child Welfare Boards in certain counties.,,
House,Monday,S/C on County & Regional Government,HB 2012,"Bell, Cecil | et al.",Relating to regulation by certain counties of roadside or parking lot vendors and solicitors.,,
House,Monday,S/C on County & Regional Government,HB 2293,Vasut,Relating to the election of the members of the board of directors of the Sweeny Hospital District.,,
House,Monday,S/C on County & Regional Government,HB 2655,Oliverson,Relating to operation by certain nonprofit organizations of certain regional health care programs for employees of small employers.,,
House,Monday,S/C on County & Regional Government,HB 3174,Rose,Relating to county and hospital district disease control pilot programs to reduce the risk of certain infectious and communicable diseases; authorizing fees.,,
House,Monday,S/C on County & Regional Government,HB 4108,Gates,Relating to the bidding process in a county commissioners court.,,
House,Monday,S/C on County & Regional Government,HB 4661,"Lopez, Janie | et al.",Relating to the closure of beaches for space flight activities; creating a criminal offense.,,
House,Monday,S/C on County & Regional Government,HB 4799,Troxclair,Relating to the creation and operations of a health care provider participation program in certain counties.,,
House,Monday,S/C on County & Regional Government,HB 5534,Wilson,Relating to permitting a county commissioner's court to post their agendas on digital screens at the county courthouse.,,
House,Monday,S/C on County & Regional Government,HB 5580,Spiller,Relating to agreements between sheriffs and the United States Immigration and Customs Enforcement to enforce federal immigration law.,,
House,Monday,S/C on Defense & Veterans' Affairs,HCR 46,Bumgarner,Designating January 12 as Nathan Gage Ingram Day for a 10-year period ending in 2035.,,
House,Monday,S/C on Defense & Veterans' Affairs,HB 1389,"Garcia, Josey",Relating to a grant program for junior reserve officers' training corps programs to provide military funeral honors for veterans.,,
House,Monday,S/C on Defense & Veterans' Affairs,HB 3359,"Garcia, Josey",Relating to identifying an individual with veteran's status and providing notice to the Texas Veterans Commission.,,
House,Monday,S/C on Defense & Veterans' Affairs,HB 5629,Wilson,Relating to the occupational licensing of military spouses.,,
House,Monday,S/C on International Relations,HCR 108,Guillen,Urging the U.S. Department of Commerce to maintain the Tomato Suspension Agreement.,,
House,Monday,S/C on International Relations,HCR 127,Lujan,Expressing support for the strengthening of our partnership with Taiwan.,,
House,Monday,S/C on Transportation Funding,HB 1589,Gerdes,Relating to requiring voter approval for the construction of a new toll project by a toll project entity.,,
House,Monday,S/C on Transportation Funding,HB 2208,Bumgarner,Relating to requirements for certain notices or invoices relating to toll collections by a toll project entity.,,
House,Monday,S/C on Transportation Funding,HB 2297,Cunningham,Relating to the suspension of toll collection while an evacuation order is in effect.,,
House,Monday,S/C on Transportation Funding,HB 2560,Shofner | et al.,Relating to creation of the Adopt-a-County Road program.,,
House,Monday,S/C on Transportation Funding,HB 2725,Cole,Relating to discount programs provided by toll project entities for certain customers.,,
House,Monday,S/C on Transportation Funding,HB 3080,Lozano,Relating to funding for roadways and transportation facilities that enable monitoring of commercial motor vehicles in the border region.,,
House,Monday,S/C on Transportation Funding,HB 4417,Gámez,Relating to the use of certain money from the state highway fund for certain projects in the Safe Routes to School Program.,,
House,Monday,S/C on Transportation Funding,HB 4473,Canales,Relating to a study by the Texas Department of Transportation of the construction and maintenance of certain county road systems in this state.,,
House,Monday,S/C on Transportation Funding,HB 4520,Martinez,Relating to requirements for loans or grants provided by the Texas Transportation Commission to aviation facilities located in economically disadvantaged counties.,,
House,Monday,S/C on Transportation Funding,HB 4662,Hefner,Relating to financial assistance for rail facilities.,,
House,Monday,S/C on Transportation Funding,HB 4888,Canales,Relating to the provision by a regional mobility authority of financial assistance for transportation projects of governmental entities located in the area of the authority; providing authority to issue bonds.,,
House,Monday,S/C on Transportation Funding,HB 4905,"Perez, Mary Ann",Relating to the ship channel improvement revolving fund.,,
House,Monday,S/C on Transportation Funding,HB 4906,"Perez, Mary Ann",Relating to the dedication of revenue received from certain oversize or overweight vehicle permits to the state highway fund.,,
House,Monday,Ways & Means,HB 1039,"Morales, Eddie",Relating to the use of hotel occupancy tax revenue by certain municipalities.,,
House,Monday,Ways & Means,HB 2289,Isaac,Relating to the authority of certain municipalities to receive certain tax revenue derived from a hotel and convention center project and to pledge certain tax revenue for the payment of obligations related to the project.,,
House,Monday,Ways & Means,HB 2370,"Lopez, Janie",Relating to the authority of certain municipalities to use hotel occupancy tax revenue for certain venue projects.,,
House,Monday,Ways & Means,HB 2404,King,Relating to the authority of certain counties to impose a hotel occupancy tax.,,
House,Monday,Ways & Means,HB 3066,Leach,Relating to the entitlement of certain municipalities to certain tax revenue associated with hotel and convention center projects.,,
House,Monday,Ways & Means,HB 3076,Patterson,Relating to the authority of certain municipalities to use certain tax revenue for certain qualified projects.,,
House,Monday,Ways & Means,HB 3117,Troxclair,Relating to the authority of certain municipalities to use certain tax revenue for hotel and convention center projects.,,
House,Monday,Ways & Means,HB 3118,Troxclair,Relating to the use of municipal hotel occupancy tax revenue in certain municipalities.,,
House,Monday,Ways & Means,HB 3169,Bumgarner,Relating to the authority of certain municipalities to receive certain tax revenue derived from a hotel and convention center project and to pledge certain tax revenue for the payment of obligations related to the project.,,
House,Monday,Ways & Means,HB 3178,Virdell,Relating to the authority of certain counties to impose a hotel occupancy tax.,,
House,Monday,Ways & Means,HB 3179,Virdell,Relating to the authority of certain counties to impose a hotel occupancy tax.,,
House,Monday,Ways & Means,HB 3182,Kerwin,Relating to the authority of certain municipalities to receive certain tax revenue derived from a hotel and convention center project and to pledge certain tax revenue for the payment of obligations related to the project.,,
House,Monday,Ways & Means,HB 3196,"Lopez, Janie",Relating to the authority of certain municipalities to receive certain tax revenue derived from a hotel and convention center project and to pledge certain tax revenue for the payment of obligations related to the project.,,
House,Monday,Ways & Means,HB 3241,Harris Davila,Relating to the authority of certain municipalities to receive certain tax revenue derived from a hotel and convention center project and to pledge certain tax revenue for the payment of obligations related to the project.,,
House,Monday,Ways & Means,HB 3377,Morgan,Relating to the authority of certain cities to use certain tax revenue for hotel and convention center projects and other qualified projects.,,
House,Monday,Ways & Means,HB 3500,Gerdes,Relating to the authority of certain municipalities to receive and pledge for the payment of obligations certain additional tax revenue derived from a hotel and convention center project.,,
House,Monday,Ways & Means,HB 3567,Frank,Relating to authorizing certain counties to impose a hotel occupancy tax and the use of revenue from that tax.,,
House,Monday,Ways & Means,HB 3715,Guerra,Relating to the authority of certain municipalities to use certain tax revenue for hotel and convention center projects.,,
House,Monday,Ways & Means,HB 3954,Cole,Relating to the authority of certain municipalities to receive certain tax revenue derived from a hotel and convention center project and to pledge certain tax revenue for the payment of obligations related to the project.,,
House,Monday,Ways & Means,HB 4098,Harris Davila,Relating to the authority of certain municipalities to receive certain tax revenue derived from a hotel and convention center project and to pledge certain tax revenue for the payment of obligations related to the project.,,
House,Monday,Ways & Means,HB 4109,Alders,Relating to the authority of certain municipalities to receive certain tax revenue derived from a hotel and convention center project and to pledge certain tax revenue for the payment of obligations related to the project.,,
House,Monday,Ways & Means,HB 4222,Louderback,"Relating to authorizing certain counties to impose a hotel occupancy tax, the applicability and rates of that tax in certain counties, and the use of revenue from that tax.",,
House,Monday,Ways & Means,HB 4226,Morales Shaw | et al.,"Relating to an exemption from the taxes imposed on the sale, use, or rental of a motor vehicle for a vehicle purchased, used, or rented by a nonprofit food bank.",,
House,Monday,Ways & Means,HB 4412,Landgraf,Relating to the use of hotel occupancy tax revenue by certain municipalities.,,
House,Monday,Ways & Means,HB 4659,"Garcia Hernandez, Cassandra",Relating to the authority of certain municipalities to receive certain tax revenue derived from a hotel and convention center project and to pledge certain tax revenue for the payment of obligations related to the project.,,
House,Monday,Ways & Means,HB 4682,Leach,Relating to the use of municipal hotel occupancy tax revenue and certain tax revenue derived from a hotel and convention center project by certain municipalities.,,
House,Monday,Ways & Means,HB 4683,Leach,Relating to the authority of certain municipalities to use certain tax revenue for hotel and convention center projects.,,
House,Monday,Ways & Means,HB 4755,"Lopez, Janie",Relating to the authority of certain municipalities to authorize and finance certain venue projects and to use municipal hotel occupancy tax revenue for certain of those projects; authorizing the imposition of a tax.,,
House,Monday,Ways & Means,HB 4926,Wharton,Relating to authorizing certain counties to impose a hotel occupancy tax and the use of revenue from that tax.,,
House,Monday,Ways & Means,HB 5165,Landgraf,Relating to the use of municipal hotel occupancy tax revenue in certain municipalities.,,
House,Monday,Ways & Means,HB 5562,Bowers | et al.,Relating to the authority of certain municipalities to receive certain tax revenue derived from a hotel and convention center project and to pledge certain tax revenue for the payment of obligations related to the project.,,
House,Monday,Ways & Means,HB 5596,Leo Wilson,Relating to the calculation of the voter-approval tax rate for certain municipalities that receive municipal hotel occupancy tax revenue.,,
House,Monday,"Homeland Security, Public Safety & Veterans' Affairs",HB 259,Hayes | et al.,Relating to the prohibition of short-barrel firearms.,,
House,Monday,"Homeland Security, Public Safety & Veterans' Affairs",HB 1128,Isaac | et al.,Relating to the applicability to election judges of a prohibition on the carrying of a concealed handgun at a polling place.,,
House,Monday,"Homeland Security, Public Safety & Veterans' Affairs",HB 1337,Isaac | et al.,Relating to the recognition of a handgun license issued by another state.,,
House,Monday,"Homeland Security, Public Safety & Veterans' Affairs",HB 1506,Ashby,Relating to the issuance of a license to carry a handgun to certain retired county court judges.,,
House,Monday,"Homeland Security, Public Safety & Veterans' Affairs",HB 1794,Tepper | et al.,Relating to the carrying of concealed handguns by handgun license holders on the premises of a polling place on the day of an election or while early voting is in progress.,,
House,Monday,"Homeland Security, Public Safety & Veterans' Affairs",HB 2215,LaHood,Relating to the carrying or possession of a handgun by certain retired attorneys representing the state.,,
House,Monday,"Homeland Security, Public Safety & Veterans' Affairs",HB 2470,Virdell | et al.,Relating to the age at which a person not otherwise prohibited by state or federal law from possessing a firearm may carry a handgun or is eligible for a license to carry a handgun.,,
House,Monday,"Homeland Security, Public Safety & Veterans' Affairs",HB 2771,Hayes | et al.,Relating to the possession of a firearm by persons convicted of certain felony offenses.,,
House,Monday,"Homeland Security, Public Safety & Veterans' Affairs",HB 2882,Isaac,Relating to the definition of short-barrel firearm for purposes of certain criminal offenses.,,
House,Monday,"Homeland Security, Public Safety & Veterans' Affairs",HB 2993,Guillen,Relating to the carrying of a handgun by a county commissioner in certain locations.,,
House,Monday,"Homeland Security, Public Safety & Veterans' Affairs",HB 3053,Virdell | et al.,Relating to municipal and county firearm buyback programs.,,
House,Monday,"Homeland Security, Public Safety & Veterans' Affairs",HB 3428,Tinderholt,Relating to the required notice regarding the possession of a firearm on the premises of certain businesses; providing an administrative penalty.,,
House,Monday,"Homeland Security, Public Safety & Veterans' Affairs",HB 3669,Guillen,Relating to the definition of firearm for purposes of certain criminal offenses.,,
House,Monday,"Homeland Security, Public Safety & Veterans' Affairs",HB 3789,Hefner,Relating to the issuance of a license to carry a handgun to certain active and retired judicial officers.,,
House,Monday,"Homeland Security, Public Safety & Veterans' Affairs",HB 3924,Slawson,Relating to the open carrying of a handgun by a uniformed school marshal.,,
House,Monday,"Homeland Security, Public Safety & Veterans' Affairs",HB 4201,Schatzline,Relating to the locations where a handgun license holder may carry a handgun.,,
House,Monday,"Homeland Security, Public Safety & Veterans' Affairs",HB 4675,Hefner,Relating to the unlawful possession of a firearm by a person not lawfully present in the United States.,,
House,Monday,Energy Resources,HB 3619,Dean,Relating to the rights and liabilities of the owner of the surface estate of the tract of land on which a well to be plugged or replugged by the Railroad Commission of Texas is located.,,
House,Monday,Energy Resources,HB 3652,LaHood,Relating to a study by the Railroad Commission of Texas regarding the creation of a strategic gas and petroleum product reserve in this state.,,
House,Monday,Energy Resources,HB 4572,Morales Shaw,Relating to the regulation by the Railroad Commission of Texas of certain pits used for the storage and disposal of oil and gas waste.,,
House,Monday,Energy Resources,HB 4891,"Morales, Eddie",Relating to the regulation by the Railroad Commission of Texas of certain commercial facilities that dispose of oil and gas waste; imposing a fee.,,
House,Monday,Energy Resources,HB 5103,Rosenthal,Relating to the abandonment of mineral proceeds for purposes of certain unclaimed property laws.,,
House,Monday,Energy Resources,HB 5105,Rosenthal,Relating to the imposition on a payor of proceeds of production from an oil or gas well of a duty to notify a payee when payments to the payee are suspended.,,
House,Monday,Energy Resources,HB 5106,Rosenthal,Relating to the information a payor of the proceeds of production from an oil and gas well is required to provide a payee.,,
House,Monday,Energy Resources,HB 5224,Guillen,Relating to the critical designation of certain natural gas facilities.,,
House,Monday,Energy Resources,HB 5600,McLaughlin,"Relating to the development and expansion of clean hydrogen production, distribution, and utilization in this state.",,
House,Monday,Energy Resources,HB 4941,posting: HB 4941,,,
House,Monday,S/C on Family & Fiduciary Relationships,HB 557,"Jones, Jolanda | et al.",Relating to the enforcement of an order to pay child support by contempt.,,
House,Monday,S/C on Family & Fiduciary Relationships,HB 732,Vasut,Relating to annulment of a marriage on the grounds of impotency.,,
House,Monday,S/C on Family & Fiduciary Relationships,HB 1892,Cook | et al.,Relating to the Uniform Unregulated Child Custody Transfer Act; creating criminal offenses.,,
House,Monday,S/C on Family & Fiduciary Relationships,HB 1954,Thompson,Relating to guardianship matters.,,
House,Monday,S/C on Family & Fiduciary Relationships,HB 2301,Campos,Relating to registration with and searches of the state registry of paternity.,,
House,Monday,S/C on Family & Fiduciary Relationships,HB 3180,Dutton,Relating to the contents of a request for disclosure in a civil action brought under the Family Code.,,
House,Monday,S/C on Family & Fiduciary Relationships,HB 3405,Hayes,Relating to the contents of a trust accounting.,,
House,Monday,S/C on Family & Fiduciary Relationships,HB 3650,Schoolcraft,Relating to service of citation on a deceased person.,,
House,Monday,S/C on Family & Fiduciary Relationships,HB 3758,Schatzline,Relating to admissibility and disclosure of certain evidence in a suit concerning a child alleged to have been abused or neglected or to be at risk of abuse or neglect filed by a governmental entity.,,
House,Monday,S/C on Family & Fiduciary Relationships,HB 4035,Dutton,Relating to requirements for certain orders and judgments rendered in a suit affecting the parent-child relationship.,,
House,Monday,S/C on Family & Fiduciary Relationships,HB 4621,Hernandez,Relating to the electronic return of a completed marriage license to a county clerk by a federal or state judge who conducted the marriage ceremony.,,
House,Monday,S/C on Family & Fiduciary Relationships,HB 4795,Noble,"Relating to duties of the vital statistics unit of the Department of State Health Services in relation to certain suits affecting the parent-child relationship, including in regard to the electronic transmission of certain information.",,
House,Monday,S/C on Family & Fiduciary Relationships,HB 4870,"Davis, Aicha",Relating to a relative and kinship care grant program administered by the Office of Court Administration of the Texas Judicial System.,,
House,Monday,S/C on Family & Fiduciary Relationships,HB 5069,Leach,Relating to trustee settlement of accounts.,,
House,Monday,S/C on Family & Fiduciary Relationships,HB 5137,Wilson,Relating to a beneficiary designation that transfers a motor vehicle to one or more beneficiaries at the owner's death.,,
House,Monday,S/C on Family & Fiduciary Relationships,HB 5149,Villalobos,Relating to restricting the use of DNA samples collected from children in the managing conservatorship of the Department of Family and Protective Services for certain purposes.,,
House,Tuesday,Appropriations,HB 104,Bonnen,"Relating to the creation of the Texas future fund, the Texas future fund investment review board, and permissible investments by the economic stabilization fund.",,
House,Tuesday,Appropriations,HB 2054,King | et al.,Relating to the Rural Volunteer Fire Department Assistance Program and authorizing an increase in the assessment on certain insurers that fund the program.,,
House,Tuesday,Appropriations,HB 3459,Bonnen,Relating to distribution of state traffic fine revenue received by the comptroller.,,
House,Tuesday,Appropriations,HB 3745,Manuel,Relating to crime victims' compensation.,,
House,Tuesday,Appropriations,HB 4486,Bonnen,"Relating to directing payment, after approval, of certain miscellaneous claims and judgments against the state out of funds designated by this Act; making appropriations.",,
House,Tuesday,Appropriations,HB 4488,Bonnen,"Relating to the creation and re-creation of funds and accounts, the dedication and rededication of revenue and allocation of accrued interest on dedicated revenue, and the exemption of unappropriated money from use for general governmental purposes.",,
House,Tuesday,Appropriations,HB 4601,Cortez,Relating to the establishment of a down payment assistance grant program for veterans purchasing manufactured homes and the dedication of certain sales and use tax revenue to finance that program.,,
House,Tuesday,New Offenses and Changed Penalties,HB 285,Ordaz | et al.,Relating to the prosecution of the offense of cruelty to nonlivestock animals.,,
House,Tuesday,New Offenses and Changed Penalties,HB 795,Johnson,Relating to the punishment for the offense of aggravated assault.,,
House,Tuesday,New Offenses and Changed Penalties,HB 1795,Anchía,Relating to increasing the criminal penalty for certain conduct constituting the offense of dog fighting or the offense of cockfighting.,,
House,Tuesday,New Offenses and Changed Penalties,HB 1871,Dyson | et al.,Relating to the punishment for the criminal offense of attempted capital murder of a peace officer; increasing a criminal penalty; changing eligibility for parole and mandatory supervision.,,
House,Tuesday,New Offenses and Changed Penalties,HB 2407,Capriglione,Relating to increasing the criminal penalty for the failure of certain sex offenders to comply with sex offender registration requirements.,,
House,Tuesday,New Offenses and Changed Penalties,HB 2461,Leach,Relating to increasing the criminal penalty for the offense of criminal mischief involving impairment of or disruption to a retail motor fuel pump.,,
House,Tuesday,New Offenses and Changed Penalties,HB 2695,Anchía | et al.,Relating to the use of a social media platform in furtherance of an offense involving the delivery of a controlled substance; increasing criminal penalties.,,
House,Tuesday,New Offenses and Changed Penalties,HB 3507,Wharton,Relating to the punishment for the offense of theft.,,
House,Tuesday,New Offenses and Changed Penalties,HB 4911,Fairly,"Relating to prosecution and punishment of certain criminal offenses prohibiting sexually explicit visual material involving depictions of children, computer-generated children, or other persons; creating criminal offenses; increasing criminal penalties.",,
House,Tuesday,"Culture, Recreation & Tourism",HB 2385,Guillen,Relating to the eligibility of the National Rifle Association's Annual Meetings and Exhibits or another annual event of the National Rifle Association for funding under the major events reimbursement program.,,
House,Tuesday,"Culture, Recreation & Tourism",HB 3349,Tepper,"Relating to the events trust fund and to abolishing the Pan American Games trust fund, Olympic Games trust fund, and motor sports racing trust fund.",,
House,Tuesday,"Culture, Recreation & Tourism",HB 3962,Geren | et al.,Relating to the eligibility of the INDYCAR Grand Prix of Arlington for funding under the major events reimbursement program.,,
House,Tuesday,"Culture, Recreation & Tourism",HB 3883,Flores,Relating to the eligibility of a Federation Internationale de l'Automobile (FIA) World Endurance Championship international automobile race for funding under the major events reimbursement program.,,
House,Tuesday,"Culture, Recreation & Tourism",HB 4396,King,"Relating to the major events reimbursement program, including event funding eligibility, site selection organizations, and single event and single year classifications.",,
House,Tuesday,"Culture, Recreation & Tourism",HB 4811,Cole,Relating to the eligibility of the South by Southwest Conference and Festivals for funding under the Major Events Reimbursement Program.,,
House,Tuesday,"Culture, Recreation & Tourism",HB 5088,Spiller,Relating to the Major Events Reimbursement Program and the Events Trust Fund.,,
House,Tuesday,"Culture, Recreation & Tourism",HB 4588,Orr,Relating to the regulation of aquatic vegetation management by the Parks and Wildlife Department; providing a civil penalty; creating a criminal offense.,,
House,Tuesday,"Culture, Recreation & Tourism",HB 4867,Vasut,Relating to the management of wildlife and exotic animals from aircraft; creating a criminal offense.,,
House,Tuesday,"Culture, Recreation & Tourism",HB 4895,Vasut,Relating to certificates of number and certificates of title issued by and records kept by the Parks and Wildlife Department; creating a criminal offense.,,
House,Tuesday,"Culture, Recreation & Tourism",HB 5398,"Morales, Eddie",Relating to the taking of certain aoudad sheep by using a helicopter.,,
House,Tuesday,"Culture, Recreation & Tourism",HB 5616,Howard,Relating to the Texas presidential library promotion program and fund.,,
House,Tuesday,"Culture, Recreation & Tourism",HB 5616,HB 5616,,,
House,Tuesday,Higher Education,HB 1105,Cole,Relating to the exemption of tuition and laboratory fees at public institutions of higher education for certain paramedics.,,
House,Tuesday,Higher Education,HB 1527,Alders | et al.,Relating to tuition and fee exemptions at public institutions of higher education for certain peace officers.,,
House,Tuesday,Higher Education,HB 1787,Howard,Relating to the establishment of a higher education plan for human papillomavirus education and prevention.,,
House,Tuesday,Higher Education,HB 1972,Oliverson,Relating to requiring coursework in nutrition at public medical schools.,,
House,Tuesday,Higher Education,HB 2081,Bucy | et al.,Relating to the establishment of the Building B ter Futures Program to support educational and occupational skills training opportunities and support services for students with intellectual and developmental disabilities at public and private institutions of higher education.,,
House,Tuesday,Higher Education,HB 3296,Reynolds,Relating to the establishment of a higher education consortium for civic education and a grant program for that consortium.,,
House,Tuesday,Higher Education,HB 3976,Button,Relating to the waiver of license renewal fees for certain instructors in high-demand fields at public institutions of higher education.,,
House,Tuesday,Higher Education,HB 4071,Howard,Relating to certain duties of the Texas Board of Nursing and the Texas Higher Education Coordinating Board in relation to the reporting and publication of nursing program clinical site data.,,
House,Tuesday,Higher Education,HB 4234,Shofner | et al.,Relating to a requirement that a student's postsecondary transcript include the average or median grade awarded in each class.,,
House,Tuesday,Higher Education,HB 4438,Shofner | et al.,Relating to a preceptorship program in a pediatric subspecialty for medical students in this state.,,
House,Tuesday,Higher Education,HB 4701,Leo Wilson,Relating to student discretion to use an alternative assessment instrument as part of their undergraduate admissions process.,,
House,Tuesday,Higher Education,HB 5092,Tepper,Relating to the operation and dissolution of the Lubbock Reese Redevelopment Authority and to agreements between Texas Tech University and the authority.,,
House,Tuesday,Higher Education,HB 5150,Louderback,Relating to the transfer of the University of Houston--Victoria to The Texas A&M University System.,,
House,Tuesday,Higher Education,HB 5180,Wilson,Relating to the diploma designation of an institution of higher education.,,
House,Tuesday,Higher Education,HB 5265,Wilson,Relating to the health care professional education fund.,,
House,Tuesday,Higher Education,HB 5333,Bonnen,Relating to the establishment of the STEM Excellence Graduate Fellowship Program.,,
House,Tuesday,Higher Education,HJR 203,Wilson,Proposing a constitutional amendment establishing the Texas Health Care Workforce Education Fund to provide funding to eligible institutions of higher education to address Texas' health care workforce needs and drive the state economy.,,
House,Tuesday,Human Services,HB 2510,Turner,Relating to assisted living facility operations and provision of certain services to assisted living facility residents without a license; creating a criminal offense.,,
House,Tuesday,Human Services,HB 3589,Campos,Relating to the licensure and regulation of certain group home facilities; authorizing a fee; creating an offense.,,
House,Tuesday,Human Services,HB 4611,Slawson,Relating to mutual consent voluntary adoption registries.,,
House,Tuesday,Human Services,HB 4655,Hull,Relating to the Preparation for Adult Living Program and other services for foster children transitioning to independent living.,,
House,Tuesday,Human Services,HB 4665,Manuel,Relating to training requirements for childcare employees and directors.,,
House,Tuesday,Human Services,HB 4666,Manuel,Relating to streamlining the deadlines for the Health and Human Services Commission to submit certain required reports to the Legislature.,,
House,Tuesday,Human Services,HB 4670,Manuel,Relating to dispute resolution for and enforcement actions against certain long-term care facilities.,,
House,Tuesday,Human Services,HB 4700,"Davis, Aicha",Relating to the responsibilities and composition of the Health and Human Services Commission Executive Council.,,
House,Tuesday,Human Services,HB 4730,Hull,"Relating to the voluntary relinquishment of parental rights, adoption, and the regulation of child-placing agencies.",,
House,Tuesday,Human Services,HB 4798,Richardson,Relating to compliance reviews and life safety code surveys of assisted living facilities.,,
House,Tuesday,Human Services,HB 4838,Morales Shaw | et al.,Relating to conducting an assessment of language accessibility with respect to certain health and human services programs and 2-1-1 services provided by the Texas Information and Referral N work.,,
House,Tuesday,Human Services,HB 5136,Richardson,Relating to membership on and the applicability of the open meetings law to the governing board of a children's advocacy center.,,
House,Tuesday,Human Services,HB 5243,Gerdes,Relating to prohibiting the purchase of certain food and drink items under the supplemental nutrition assistance program.,,
House,Tuesday,Human Services,HB 5302,Schatzline,Relating to the establishment of the Texas Foster Care Post Adoption Assistance Account Program.,,
House,Tuesday,Human Services,HB 5539,Schatzline,Relating to the provision of adoption cost information by a licensed child-placing agency.,,
House,Tuesday,Intergovernmental Affairs,HB 386,Gervin-Hawkins | et al.,Relating to change order limits for certain construction contracts.,,
House,Tuesday,Intergovernmental Affairs,HB 1449,Capriglione,Relating to permits for mobile food service establishments operating in certain counties.,,
House,Tuesday,Intergovernmental Affairs,HB 1701,Flores,Relating to the administration and enforcement of a county fire code.,,
House,Tuesday,Intergovernmental Affairs,HB 2142,Simmons,Relating to a study by the Texas Department of Housing and Community Affairs on the feasibility of using certain models to address homelessness in this state.,,
House,Tuesday,Intergovernmental Affairs,HB 2675,Cook,Relating to housing finance corporations.,,
House,Tuesday,Intergovernmental Affairs,HB 2857,Tepper,Relating to purchase or other acquisition of personal property by a political subdivision.,,
House,Tuesday,Intergovernmental Affairs,HB 3063,"Perez, Mary Ann",Relating to the civil prosecution of offenses involving certain municipal parking ordinances; authorizing a civil fine.,,
House,Tuesday,Intergovernmental Affairs,HB 3171,Lujan | et al.,Relating to compensation and employment condition standards by municipal charter or collective bargaining agreement and to impasse resolution in collective bargaining with certain political subdivisions.,,
House,Tuesday,Intergovernmental Affairs,HB 3641,"Bell, Cecil",Relating to the authority of counties to regulate noise levels in residential areas; creating a criminal offense.,,
House,Tuesday,Intergovernmental Affairs,HB 3732,Martinez,Relating to compliance by a fire department with certain minimum standards adopted by the Texas Commission on Fire Protection.,,
House,Tuesday,Intergovernmental Affairs,HB 4045,"Bell, Cecil",Relating to the allocation of low income housing tax credits.,,
House,Tuesday,Intergovernmental Affairs,HB 4370,Metcalf | et al.,"Relating to the projects that may be undertaken by a public improvement district, municipal utility district, fresh water supply district, water control and improvement district or municipal management district.",,
House,Tuesday,Intergovernmental Affairs,HB 4491,"Bell, Cecil",Relating to fireworks sales to the public by retail fireworks permit holders on certain dates.,,
House,Tuesday,Intergovernmental Affairs,HB 4505,"Bell, Cecil | et al.",Relating to the establishment of the workforce housing capital investment fund program to fund the development of workforce housing in this state; authorizing a fee.,,
House,Tuesday,Intergovernmental Affairs,HB 4626,Harris Davila,Relating to hearing and public notice requirements regarding the conversion by a municipality of certain properties to house homeless individuals.,,
House,Tuesday,Intergovernmental Affairs,HB 5267,"Bell, Cecil",Relating to municipal and county financial requirements.,,
House,Tuesday,Intergovernmental Affairs,HB 5356,Lujan,Relating to the authority of a municipality to regulate activities involving a horse-drawn carriage.,,
House,Tuesday,Public Education,HB 1178,Cunningham | et al.,Relating to the creation of a temporary educator certificate for educators certified by other states.,,
House,Tuesday,Public Education,HB 1411,Allen,Relating to the use of personal leave during school holidays by certain school district employees.,,
House,Tuesday,Public Education,HB 1441,Plesa,Relating to the model training curriculum for school district peace officers and school resource officers.,,
House,Tuesday,Public Education,HB 1773,Bhojani | et al.,Relating to allowing the board of trustees of certain school districts to create a nonvoting student trustee position on the board.,,
House,Tuesday,Public Education,HB 1813,Bucy,Relating to a parental right to information concerning a public school special education program and certain requirements for persons serving as special education representatives and hearing officers at impartial due process hearings.,,
House,Tuesday,Public Education,HB 2107,Fairly,Relating to training requirements for public school educators.,,
House,Tuesday,Public Education,HB 2598,Button,Relating to a school psychologist licensed under the Occupations Code.,,
House,Tuesday,Public Education,HB 2911,Frank,Relating to participation in the uniform group coverage program for active school employees and additional state aid for public schools that do not participate in that program.,,
House,Tuesday,Public Education,HB 2967,Dutton,"Relating to vision screenings for students in public or private school, including vision screening information reporting for public school students and the creation of a vision care allotment under the Foundation School Program.",,
House,Tuesday,Public Education,HB 3672,Ashby,Relating to the creation of an extracurricular community education grant program.,,
House,Tuesday,Public Education,HB 5263,Geren,Relating to the accessibility of results from the state assessment.,,
House,Tuesday,Public Education,HB 3797,Ashby,Relating to the terminology used to refer to certain assessment instruments administered to public school students.,,
House,Tuesday,S/C on Workforce,HB 446,Flores,"Relating to workplace heat illness prevention, including the creation of a heat illness prevention advisory board; imposing administrative penalties; providing a private cause of action.",,
House,Tuesday,S/C on Workforce,HB 1609,VanDeaver,Relating to the prohibition of certain employment discrimination regarding an employee who is a volunteer emergency responder.,,
House,Tuesday,S/C on Workforce,HB 4443,Bhojani,Relating to the establishment by the Texas Workforce Commission of a pilot program to train workers for careers in energy-efficient technologies.,,
House,Tuesday,S/C on Workforce,HB 4464,"González, Mary | et al.",Relating to removing the requirement of provision of workers' compensation insurance coverage for Texas Task Force 1 members and members of intrastate fire mutual aid system teams and regional incident management teams.,,
House,Tuesday,S/C on Workforce,HB 4735,Ashby | et al.,Relating to rural development funds and insurance tax credits for certain investments in those funds; authorizing fees.,,
House,Tuesday,S/C on Workforce,HB 5476,posting: HB 5476,,,
House,Tuesday,Criminal Jurisprudence,HB 200,Buckley | et al.,Relating to jury instructions regarding parole eligibility and the release on parole of certain inmates convicted of an offense committed when younger than 18 years of age; changing parole eligibility.,,
House,Tuesday,Criminal Jurisprudence,HB 413,"Jones, Jolanda | et al.",Relating to the release of certain defendants d ained in jail pending tri,,
House,Tuesday,Criminal Jurisprudence,HB 525,Vasut | et al.,Relating to a subpoena to compel the attendance of certain peace officers who are witnesses in a misdemeanor case punishable by fine only.,,
House,Tuesday,Criminal Jurisprudence,HB 867,"Jones, Jolanda | et al.",Relating to the dismissal of a criminal case by the attorney representing the state.,,
House,Tuesday,Criminal Jurisprudence,HB 1418,Schatzline,Relating to the use of in-custody informant testimony in a criminal trial.,,
House,Tuesday,Criminal Jurisprudence,HB 1604,Bucy,Relating to public access to criminal proceedings.,,
House,Tuesday,Criminal Jurisprudence,HB 1650,Canales,Relating to a special bill of review to reform a final judgment of forfeiture of a bail bond.,,
House,Tuesday,Criminal Jurisprudence,HB 2333,Hopper | et al.,"Relating to certain statutes of limitations for criminal offenses, including the statutes of limitations for felony offenses relating to an election conducted in this state.",,
House,Tuesday,Criminal Jurisprudence,HB 2348,Capriglione,Relating to the video recording of a deposition taken of the testimony of certain elderly or disabled persons in a criminal case.,,
House,Tuesday,Criminal Jurisprudence,HB 2458,Virdell | et al.,Relating to a defense to prosecution for the offense of aggravated assault.,,
House,Tuesday,Criminal Jurisprudence,HB 2507,Leach,Relating to automatic orders of nondisclosure of criminal history record information for certain misdemeanor defendants following successful completion of a period of deferred adjudication community supervision.,,
House,Tuesday,Criminal Jurisprudence,HB 2594,Metcalf,Relating to the venue for the prosecution of certain criminal conduct involving theft.,,
House,Tuesday,Criminal Jurisprudence,HB 2698,Anchía,Relating to the representation of certain indigent applicants for a writ of habeas corpus.,,
House,Tuesday,Criminal Jurisprudence,HB 2761,Johnson,Relating to the prosecution of the offenses of trafficking of persons and continuous trafficking of persons.,,
House,Tuesday,Criminal Jurisprudence,HB 3111,"Perez, Mary Ann",Relating to the search of certain wireless communications devices by a peace officer.,,
House,Tuesday,Criminal Jurisprudence,HB 3358,"Garcia Hernandez, Cassandra",Relating to the definition of an emergency service provider for purposes of critical incident stress management and crisis response services.,,
House,Tuesday,Criminal Jurisprudence,HB 3362,Little,Relating to grand jury proceedings; providing a punishment for contempt of court.,,
House,Tuesday,Criminal Jurisprudence,HB 3449,Canales,Relating to the reimbursement of expenses to certain counsel appointed to represent a defendant in a criminal proceeding.,,
House,Tuesday,Criminal Jurisprudence,HB 3477,Canales,Relating to the expunction of all records and files related to a finding of criminal contempt by a court.,,
House,Tuesday,Criminal Jurisprudence,HB 3463,Walle,Relating to the prosecution of the offense of theft of service.,,
House,Tuesday,Criminal Jurisprudence,HB 3664,Smithee,Relating to the training of prospective grand jurors and to grand jury proceedings.,,
House,Tuesday,Criminal Jurisprudence,HB 4075,Leach,Relating to change of venue in certain criminal cases involving a peace officer.,,
House,Tuesday,Criminal Jurisprudence,HB 4933,Curry,Relating to the disposition of a seized weapon belonging to a person who is not prosecuted or convicted for an offense involving the weapon.,,
House,Tuesday,Criminal Jurisprudence,HB 2895,posting: HB 2895,,,
House,Tuesday,Licensing & Administrative Procedures,HB 1301,Landgraf,"Relating to the sale of wine and malt beverages by certain alcoholic beverage manufacturers at a restaurant operated by the manufacturer; creating a wine, malt beverage, and food permit.",,
House,Tuesday,Licensing & Administrative Procedures,HB 2278,Capriglione,Relating to the home production of certain alcoholic beverages.,,
House,Tuesday,Licensing & Administrative Procedures,HB 2776,McLaughlin,"Relating to the criminal and licensing consequences for the commission of certain offenses by massage establishments, massage schools, massage therapists, and massage therapy instructors.",,
House,Tuesday,Licensing & Administrative Procedures,HB 2820,Louderback,Relating to the limits on the amount of operating capital by a charitable bingo organization.,,
House,Tuesday,Licensing & Administrative Procedures,HB 3848,Hernandez,"Relating to the electronic submission of inspection reports and filing fees for the inspection of elevators, escalators, and related equipment.",,
House,Tuesday,Licensing & Administrative Procedures,HB 3920,"Bell, Keith | et al.",Relating to the recognition of career and technology education programs by the Texas Department of Licensing and Regulation.,,
House,Tuesday,Licensing & Administrative Procedures,HB 4172,Thompson,Relating to regulating charitable bingo and authorizing the establishment of a nonprofit corporation to advertise and promote charitable bingo.,,
House,Tuesday,Licensing & Administrative Procedures,HB 4215,Hunter,Relating to the regulation of delivery network companies; requiring an occupational permit; authorizing a fee.,,
House,Tuesday,Licensing & Administrative Procedures,HB 4284,Geren,Relating to an excessive discount on certain alcoholic beverages.,,
House,Tuesday,Licensing & Administrative Procedures,HB 4285,McQueeney,Relating to the storage of alcoholic beverages by an airline passenger transportation permittee.,,
House,Tuesday,Licensing & Administrative Procedures,HB 4463,VanDeaver,Relating to authorized activities of a brewer's or nonresident brewer's license holder.,,
House,Tuesday,Licensing & Administrative Procedures,HB 4517,Phelan,Relating to liquor sales on credit by the holder of a distiller's and rectifier's permit to a wholesaler.,,
House,Tuesday,Licensing & Administrative Procedures,HB 4690,Gerdes,"Relating to motor fuel measuring, quality, and testing standards.",,
House,Tuesday,Licensing & Administrative Procedures,HB 4765,Phelan,Relating to the regulation of code enforcement officers and code enforcement officers in training.,,
House,Tuesday,Licensing & Administrative Procedures,HB 4766,Phelan,Relating to the regulation of sanitarians and sanitarians in training.,,
House,Tuesday,Licensing & Administrative Procedures,HB 4767,Phelan,Relating to the operation of off-highway vehicles.,,
House,Tuesday,Licensing & Administrative Procedures,HB 4768,Phelan,Relating to conditions of community supervision for defendants convicted of certain criminal offenses involving animals.,,
House,Tuesday,Licensing & Administrative Procedures,HB 4769,Phelan,Relating to electronic delivery of documents sent or received by the Texas Department of Licensing and Regulation.,,
House,Tuesday,Licensing & Administrative Procedures,HB 4773,Phelan,Relating to the transfer of certain malt beverages between two or more licensed premises operating under the same general ownership or management.,,
House,Tuesday,Licensing & Administrative Procedures,HB 4830,Phelan,Relating to the regulation of service contracts and service contract providers and administrators.,,
House,Tuesday,Licensing & Administrative Procedures,HB 5506,Phelan,Relating to immunity for ringside physicians assigned to combative sports events.,,
House,Tuesday,"Trade, Workforce & Economic Development",HB 2963,Capriglione,"Relating to diagnosis, maintenance, and repair of certain digital electronic equipment.",,
House,Tuesday,"Trade, Workforce & Economic Development",HB 3005,Gervin-Hawkins,Relating to the payment of funds under certain construction contracts.,,
House,Tuesday,"Trade, Workforce & Economic Development",HB 3287,"Bell, Keith | et al.",Relating to construction contract trust funds.,,
House,Tuesday,"Trade, Workforce & Economic Development",HB 3288,"Bell, Keith",Relating to the application of funds under construction contracts.,,
House,Tuesday,"Trade, Workforce & Economic Development",HB 3289,"Bell, Keith | et al.",Relating to the payment of funds under construction contracts.,,
House,Tuesday,"Trade, Workforce & Economic Development",HB 3290,"Bell, Keith | et al.",Relating to the time period for which certain funds payable under a construction contract must be reserved for the benefit of mechanic's lien claimants.,,
House,Tuesday,"Trade, Workforce & Economic Development",HB 3344,Curry | et al.,Relating to the regulation of roofing contractors; providing an administrative penalty; authorizing a fee; creating a criminal offense; requiring an occupational license.,,
House,Tuesday,"Trade, Workforce & Economic Development",HB 3712,Guillen,Relating to funds reserved for certain construction materials.,,
House,Tuesday,"Trade, Workforce & Economic Development",HB 3862,Hunter,Relating to prohibiting use of social media platforms by children.,,
House,Tuesday,"Trade, Workforce & Economic Development",HB 3874,Hayes,Relating to voidable provisions contained in certain construction contracts.,,
House,Tuesday,"Trade, Workforce & Economic Development",HB 4196,Ordaz,Relating to the establishment of the Task Force on Modernizing Manufacturing.,,
House,Tuesday,"Trade, Workforce & Economic Development",HB 4308,Gates,"Relating to the creation of industrial development districts in certain counties; providing authority to issue bonds; and providing authority to impose assessments, fees, or taxes.",,
House,Tuesday,"Trade, Workforce & Economic Development",HB 4901,Fairly | et al.,Relating to the regulation of platforms for the sale and distribution of software applications for mobile devices.,,
House,Tuesday,"Trade, Workforce & Economic Development",HB 4984,Lujan,"Relating to certain deadlines and other timing factors affecting mechanic's, contractor's, or materialman's liens.",,
House,Wednesday,Corrections,HB 1826,Bowers | et al.,Relating to depression screenings for certain women in county jail or in the custody of the Texas Department of Criminal Justice.,,
House,Wednesday,Corrections,HB 2854,Anchía | et al.,Relating to the required approval of certain hospital visits as a condition of release on parole or to mandatory supervision for certain releasees and to the hospital's liability for damages resulting from those visits.,,
House,Wednesday,Corrections,HB 3006,Canales,Relating to the purchase and installation of climate control systems at facilities operated by the Texas Department of Criminal Justice.,,
House,Wednesday,Corrections,HB 4614,Harless,Relating to the licensing and regulation of state correctional officers; requiring an occupational license.,,
House,Wednesday,Corrections,HB 5261,Cunningham,Relating to designating the Windham School District to provide postsecondary education to inmates of the Texas Department of Criminal Justice.,,
House,Wednesday,Corrections,HB 5639,"Garcia, Josey",Relating to a veteran housing program established by the Texas Department of Criminal Justice.,,
House,Wednesday,Delivery of Government Efficiency,HB 3146,Bumgarner,Relating to certain hearings conducted by the State Office of Administrative Hearings.,,
House,Wednesday,Delivery of Government Efficiency,HB 3719,Hunter,Relating to the availability of dates of birth under the public information law.,,
House,Wednesday,Delivery of Government Efficiency,HB 3895,"Lopez, Ray",Relating to a study by the Texas A&M Transportation Institute on wireless energy transmission for electric vehicles.,,
House,Wednesday,Delivery of Government Efficiency,HB 3923,"Bell, Keith",Relating to state employment opportunities for individuals who do not hold a bachelor's degree.,,
House,Wednesday,Delivery of Government Efficiency,HB 4748,Curry,Relating to multiple award of contracts with indefinite delivery and indefinite quantity terms.,,
House,Wednesday,Delivery of Government Efficiency,HB 4751,Capriglione,Relating to the establishment and administration of the Texas Quantum Initiative.,,
House,Wednesday,Delivery of Government Efficiency,HB 4936,Curry,Relating to the creation of the Department of Marketing Services.,,
House,Wednesday,Delivery of Government Efficiency,HB 4952,Landgraf,Relating to the confidentiality of fraud detection and deterrence information under the public information law.,,
House,Wednesday,Delivery of Government Efficiency,HB 4990,Canales,"Relating to compliance with the public information law, including establishment of an open records hotline to provide information about the requirements of the public information law.",,
House,Wednesday,Delivery of Government Efficiency,HB 4991,Canales,Relating to open meetings and public information training for certain public officials and attorneys regarding the open meetings and public information laws.,,
House,Wednesday,Delivery of Government Efficiency,HB 5061,Leach | et al.,Relating to prohibiting certain activities by contractors and vendors of state agencies; providing administrative penalties.,,
House,Wednesday,Delivery of Government Efficiency,HB 5196,Capriglione,Relating to telework for state employees.,,
House,Wednesday,Delivery of Government Efficiency,HB 5238,"Lopez, Ray",Relating to the criminal offense of disrupting a meeting or procession.,,
House,Wednesday,Delivery of Government Efficiency,HB 5246,Bonnen,"Relating to the administration, powers, and duties of the Texas Space Commission, the Texas Aerospace Research and Space Economy Consortium, and other governmental entities and institutions regarding aerospace, aviation, and space exploration initiatives and to the abolishment of the spaceport trust fund.",,
House,Wednesday,Delivery of Government Efficiency,HB 5487,Bonnen,Relating to the operation and administration of the Texas Semiconductor Innovation Consortium.,,
House,Wednesday,Judiciary & Civil Jurisprudence,HB 5621,Dutton,Relating to the jurisdiction of district and county attorneys to prosecute certain consumer protection violations.,,
House,Wednesday,Judiciary & Civil Jurisprudence,HB 4904,Guillen,Relating to civil liability of property owners relating to motorcycle training courses.,,
House,Wednesday,Judiciary & Civil Jurisprudence,HB 5067,Leach,Relating to the jurisdiction of the Fifteenth Court of Appeals.,,
House,Wednesday,Judiciary & Civil Jurisprudence,HB 5076,Leach,Relating to vicarious liability for certain medical care.,,
House,Wednesday,Judiciary & Civil Jurisprudence,HB 5081,Leach,Relating to the protection of personal identifying information of certain persons in the judicial system; creating a criminal offense.,,
House,Wednesday,Judiciary & Civil Jurisprudence,HB 5354,Leach,Relating to the information reported by prosecuting attorneys to the Texas Judicial Council.,,
House,Wednesday,Judiciary & Civil Jurisprudence,HB 4862,Longoria,Relating to business organizations.,,
House,Wednesday,Judiciary & Civil Jurisprudence,HB 3847,Canales,Relating to certain construction defect litigation.,,
House,Wednesday,Judiciary & Civil Jurisprudence,HB 4088,Bonnen,Relating to the qualifications for jury service and the establishment of a juror mental health services reimbursement program.,,
House,Wednesday,Judiciary & Civil Jurisprudence,HB 4157,Bonnen,Relating to liability protections for commercial space flight and exploration.,,
House,Wednesday,Judiciary & Civil Jurisprudence,HB 2966,Meyer,Relating to the award of attorney's fees in an action involving the exercise of certain constitutional rights.,,
House,Wednesday,Judiciary & Civil Jurisprudence,HB 2287,Oliverson,Relating to liability of judges and magistrates for the improper release on personal bond of defendants accused of committing certain felony offenses.,,
House,Wednesday,Judiciary & Civil Jurisprudence,HB 4203,Swanson,Relating to education requirements for notaries public; providing a civil penalty.,,
House,Wednesday,Judiciary & Civil Jurisprudence,HB 4803,Spiller,"Relating to the creation of offices of District Attorney for the Northeast Texas, Central Texas, Southeast Texas, and South Texas Regions and the powers and duties of and related to such officers.",,
House,Wednesday,Judiciary & Civil Jurisprudence,HB 4737,Bhojani,Relating to the application processing time for admission to practice law in this state without examination for an attorney licensed to practice law in another state.,,
House,Wednesday,Judiciary & Civil Jurisprudence,HB 5093,Bhojani,Relating to disclosure under the public information law of certain contact information of a notary public that is maintained by the secretary of state.,,
House,Wednesday,Judiciary & Civil Jurisprudence,HB 783,Lalani,Relating to civil liability for online impersonation.,,
House,Wednesday,Judiciary & Civil Jurisprudence,HB 5411,Hayes,Relating to the financial disclosure requirements for judges receiving contributions from parties involved in cases they preside over.,,
House,Wednesday,Judiciary & Civil Jurisprudence,HB 4281,McQueeney,Relating to a civil cause of action for fraudulent crowdfunding.,,
House,Wednesday,Natural Resources,HB 4530,Romero,Relating to the dedication and management of water rights placed in the Texas Water Trust.,,
House,Wednesday,Natural Resources,HB 4931,Virdell,Relating to aquifer storage and recovery projects that transect a portion of the Edwards Aquifer.,,
House,Wednesday,Natural Resources,HB 5559,Harris,Relating to the enforcement of drought contingency plans by water and sewer utilities and the Public Utility Commission of Texas.,,
House,Wednesday,Natural Resources,HB 5560,Harris,Relating to penalties in certain suits involving a groundwater conservation district; increasing a penalty.,,
House,Wednesday,S/C on Telecommunications & Broadband,HB 3713,Capriglione,Relating of maintenance of rates and expansion of funds for certain companies.,,
House,Wednesday,S/C on Telecommunications & Broadband,HB 3953,"Morales, Christina | et al.",Relating to a study by the broadband development office on Intern  service for multiunit residential properties.,,
House,Wednesday,S/C on Telecommunications & Broadband,HB 4055,Metcalf,Relating to excepting certain fiber-optic cable projects from certain notice requirements for projects on state or local public land.,,
House,Wednesday,S/C on Telecommunications & Broadband,HB 4272,Patterson,Relating to the relocation or adjustment of certain facilities for certain municipal projects.,,
House,Thursday,Land & Resource Management,HB 447,"Bell, Keith",Relating to traffic studies before the issuance of certain municipal utility district bonds.,,
House,Thursday,Land & Resource Management,HB 897,Howard,"Relating to authorizing the sale by the State of Texas of certain real property located in Austin, Texas.",,
House,Thursday,Land & Resource Management,HB 993,Toth,Relating to the time for processing a municipal building permit application.,,
House,Thursday,Land & Resource Management,HB 2673,Lujan,Relating to the repeal of certain provisions authorizing cemeteries in certain municipalities and counties.,,
House,Thursday,Land & Resource Management,HB 3671,Cook,Relating to the dissolution of the Tarrant County Municipal Utility District No. 2.,,
House,Thursday,Land & Resource Management,HB 3680,Gámez | et al.,Relating to subdivision plat requirements in certain counties.,,
House,Thursday,Land & Resource Management,HB 3897,"Bell, Cecil | et al.",Relating to territory in an emergency services district that is annexed by a municipality.,,
House,Thursday,Land & Resource Management,HB 4506,Bonnen,Relating to electronic delivery of notice for certain municipal zoning changes.,,
House,Thursday,Land & Resource Management,HB 4753,Gates,Relating to regulation by a municipality of a certificate of occupancy.,,
House,Thursday,Land & Resource Management,HB 4812,Oliverson,Relating to the authority of a municipality or county to regulate condominiums.,,
House,Thursday,Land & Resource Management,HB 4894,Flores,"Relating to the boundaries of, and validating certain acts and proceedings of, the Creedmoor Municipal Utility District.",,
House,Thursday,Land & Resource Management,HB 5148,Talarico,Relating to regulation of stairway requirements in certain multifamily residential buildings by political subdivisions.,,
House,Thursday,Land & Resource Management,HB 5437,Kitzman,Relating to the validation of the creation of and certain acts of the Austin County Municipal Utility District No. 1.,,
House,Thursday,Land & Resource Management,HB 5650,Flores,"Relating to the creation of the Travis County Municipal Utility District No. 40; granting a limited power of eminent domain; providing authority to issue bonds; providing authority to impose assessments, fees, and taxes.",,
House,Thursday,Land & Resource Management,HB 5652,Metcalf,"Relating to the creation of the Montgomery County Municipal Utility District No. 258; granting a limited power of eminent domain; providing authority to issue bonds; providing authority to impose assessments, fees, and taxes.",,
House,Thursday,Land & Resource Management,HB 5654,Metcalf,"Relating to the creation of the Montgomery County Municipal Utility District No. 263; granting a limited power of eminent domain; providing authority to issue bonds; providing authority to impose assessments, fees, and taxes.",,
House,Thursday,Land & Resource Management,HB 5656,Lalani,"Relating to the creation of the Fort Bend County Municipal Utility District No. 263; granting a limited power of eminent domain; providing authority to issue bonds; providing authority to impose assessments, fees, and taxes.",,
House,Thursday,Land & Resource Management,HB 5661,Gates,"Relating to the creation of the Fort Bend County Municipal Utility District No. 286; granting a limited power of eminent domain; providing authority to issue bonds; providing authority to impose assessments, fees, and taxes.",,
House,Thursday,Land & Resource Management,HB 5665,Kitzman,"Relating to the creation of the Waller County Municipal Utility District No. 70; granting a limited power of eminent domain; providing authority to issue bonds; providing authority to impose assessments, fees, and taxes.",,
House,Thursday,S/C on Disease Prevention & Women's & Children's Health,HB 231,"Morales, Christina",Relating to a study on food deserts and their disproportionate impact among communities of color.,,
House,Thursday,S/C on Disease Prevention & Women's & Children's Health,HB 475,Johnson,Relating to Medicaid coverage and reimbursement for multisystemic therapy services.,,
House,Thursday,S/C on Disease Prevention & Women's & Children's Health,HB 488,Johnson,Relating to Medicaid coverage and reimbursement for functional family therapy services.,,
House,Thursday,S/C on Disease Prevention & Women's & Children's Health,HB 632,Bucy,Relating to the regulation of the practice of pharmacy.,,
House,Thursday,S/C on Disease Prevention & Women's & Children's Health,HB 821,Bernal,Relating to the establishment of a grocery access investment fund program.,,
House,Thursday,S/C on Disease Prevention & Women's & Children's Health,HB 1786,Howard,Relating to the women's health advisory committee.,,
House,Thursday,S/C on Disease Prevention & Women's & Children's Health,HB 1955,Thompson,Relating to the establishment of an early childhood mental health home visiting grant program.,,
House,Thursday,S/C on Disease Prevention & Women's & Children's Health,HB 2036,Oliverson,Relating to the provision of behavioral health services under the Medicaid managed care program.,,
House,Thursday,S/C on Disease Prevention & Women's & Children's Health,HB 2060,Campos,Relating to a study on the coverage of certain infants under Medicaid.,,
House,Thursday,S/C on Disease Prevention & Women's & Children's Health,HB 2659,Lalani,Relating to certain mammography reports providing required breast density information.,,
House,Thursday,S/C on Disease Prevention & Women's & Children's Health,HB 2677,Thompson | et al.,Relating to Medicaid coverage and reimbursement for the treatment of obesity and certain diab es prevention program services.,,
House,Thursday,Transportation,HB 2007,Zwiener,Relating to commercial signs along certain roads.,,
House,Thursday,Transportation,HB 2462,Leach,Relating to the use of a high occupancy vehicle lane by an operator of a motor vehicle who is pregnant.,,
House,Thursday,Transportation,HB 2621,Meyer,Relating to the recording and archiving of live video feed by the Texas Department of Transportation.,,
House,Thursday,Transportation,HB 2921,"Davis, Yvonne",Relating to the confidentiality of certain information collected by certain local governments and airport governing boards.,,
House,Thursday,Transportation,HB 3187,Shaheen | et al.,Relating to powers of regional transportation authorities.,,
House,Thursday,Transportation,HB 3331,"Perez, Mary Ann",Relating to the operation of vehicles transporting steel; authorizing a fee.,,
House,Thursday,Transportation,HB 3332,"Morales, Eddie",Relating to the creation of the Maverick County Regional Mobility Authority; authorizing a fee.,,
House,Thursday,Transportation,HJR 144,"Morales, Eddie",Proposing a constitutional amendment to authorize the creation of a regional mobility authority by local law.,,
House,Thursday,Transportation,HB 3514,Canales,Relating to the operation of a program by the Texas Department of Transportation to allow a real property owner to plant or replace vegetation in a right-of-way.,,
House,Thursday,Transportation,HB 3528,McQueeney,Relating to the registration and inspection of vehicles.,,
House,Thursday,Transportation,HB 3539,Harris Davila,Relating to the use of a high occupancy vehicle lane by an operator of a motor vehicle who is pregnant.,,
House,Thursday,Transportation,HB 3563,Paul,Relating to the method used to select engineers and general contractors for certain transportation-related construction projects.,,
House,Thursday,Transportation,HB 3720,Thompson,Relating to the construction of bridges in Harris County.,,
House,Thursday,Transportation,HB 3726,"Perez, Mary Ann",Relating to the offense of passing certain vehicles on a highway.,,
House,Thursday,Transportation,HB 3751,Ashby,Relating to the transfer of certain real property from the Texas Department of Transportation to the Texas Department of Public Safety.,,
House,Thursday,Transportation,HB 3859,Patterson,"Relating to motor vehicle franchised dealers and the reimbursement of motor vehicle franchised dealers by manufacturers and distributors for warranty, recall, over-the-air, and preparation and delivery work.",,
House,Thursday,Transportation,HB 3947,"Davis, Yvonne",Relating to transportation planning by metropolitan planning organizations.,,
House,Thursday,Transportation,HB 4148,"Perez, Mary Ann","Relating to the records, management, and taxation of navigation districts and certain port and harbor facilities.",,
House,Thursday,Transportation,HB 4164,Guillen,Relating to notice requirements on state highway projects.,,
House,Thursday,Transportation,HB 4337,"Perez, Mary Ann | et al.",Relating to the regulation of pilots for the ports of Harris County and the board of pilot commissioners for those ports.,,
House,Thursday,Transportation,HB 4346,Curry,Relating to the release of motor vehicle collision report information.,,
House,Thursday,Transportation,HB 4368,Paul,"Relating to title requirements, identification number inspections, and evidence of ownership for certain vehicles.",,
House,Thursday,Transportation,HB 4706,Paul,Relating to the applicability of certain pedestrian laws to certain sidewalk users.,,
House,Thursday,Transportation,HB 4916,Canales,Relating to the assignment of a motor vehicle title by a dealer.,,
House,Thursday,Transportation,HB 4950,Canales,Relating to compliance of certain aeronautics structures with federal law.,,
House,Thursday,Transportation,HB 4967,Canales,Relating to the renewal fee for a dealer's temporary license plate.,,
House,Thursday,Transportation,HB 5177,DeAyala | et al.,Relating to the use of certain tolls and charges imposed by certain counties; authorizing an administrative penalty.,,
House,Thursday,Transportation,HB 5603,Phelan,Relating to a requirement for the Texas Department of Transportation to disclose certain service contract information and provide notice regarding certain changes to a contract.,,
House,Thursday,Elections,HB 1968,Cook,Relating to a duty to contract for election services furnished for an election held on the first Saturday in May in an even-numbered year.,,
House,Thursday,Elections,HB 2279,Schofield,Relating to the cancellation of a person's voter registration on notice that the person has acknowledged that the person is not a citizen.,,
House,Thursday,Elections,HB 2739,Isaac | et al.,Relating to requiring the address on certain identification documents presented by a voter match the address of the voter on the list of registered voters.,,
House,Thursday,Elections,HB 2803,Hayes,Relating to requiring an election judge to provide a watcher removed from a polling place a signed statement containing the reason for the removal.,,
House,Thursday,Elections,HB 3909,Hickland,Relating to the use of a wireless communication device at a polling place.,,
House,Thursday,Elections,HB 3918,Plesa,Relating to information on local regulations governing the placement of political signs in a municipality.,,
House,Thursday,Elections,HB 4253,Gerdes,Relating to confirmation of a voter's residence by a voter registrar.,,
House,Thursday,Elections,HB 4475,Isaac,Relating to the acceptance of a voter executing a declaration of reasonable impediment; providing a limitation.,,
House,Thursday,Elections,HB 5115,Shaheen,Relating to the penalty for the crime of election fraud; increasing a criminal penalty.,,
House,Thursday,Elections,HB 5430,Wilson,Relating to the declaration of a candidate's ineligibility on the basis of filing an application for a place on the general primary election ballot or for nomination by convention with more than one political party.,,
House,Thursday,Environmental Regulation,HB 5057,Landgraf,Relating to exclusive contracts for municipal solid waste management services.,,
House,Thursday,Environmental Regulation,HB 4519,Ordaz,Relating to programs established and funded under the Texas emissions reduction plan.,,
House,Thursday,Environmental Regulation,HB 5033,"Bell, Keith | et al.",Relating to elimination of the motor vehicle emissions inspection and maintenance program.,,
House,Thursday,Environmental Regulation,HB 3997,Patterson,Relating to permit application review and contested case procedures for environmental permits involving a project to construct or modify a liquefied natural gas export terminal; authorizing a fee.,,
House,Thursday,Environmental Regulation,HB 1237,Guillen,Relating to the renewal by the Texas Commission on Environmental Quality of certain expired occupational licenses and registrations.,,
House,Thursday,Environmental Regulation,HB 1904,Canales,Relating to the release of a balloon and associated littering; creating a criminal offense.,,
House,Thursday,Environmental Regulation,HB 4400,Phelan,Relating to supplemental environmental projects authorized by the Texas Commission on Environmental Quality.,,
House,Thursday,Environmental Regulation,HB 1227,Gates,Relating to municipal solid waste management services contracts; limiting the amount of a fee.,,
House,Thursday,Insurance,HB 1464,Talarico,Relating to a prescription drug purchasing pool for certain health benefit plan issuers and employers.,,
House,Thursday,Insurance,HB 1635,Oliverson,Relating to the definition of emergency care for purposes of certain health benefit plans.,,
House,Thursday,Insurance,HB 2516,Guillen | et al.,Relating to the eligibility of certain individuals younger than 65 years of age to purchase Medicare supplement benefit plans.,,
House,Thursday,Insurance,HB 3317,Hefner,Relating to the relationship between pharmacists or pharmacies and health benefit plan issuers or pharmacy benefit managers.,,
House,Thursday,Insurance,HB 3502,King,Relating to annual statistical reports for fixing title insurance premium rates.,,
House,Thursday,Insurance,HB 4012,Paul,Relating to health care and insurance fraud; creating a criminal offense; authorizing a civil penalty.,,
House,Thursday,Insurance,HB 4268,Morgan,Relating to recoverable depreciation for property damage claims under an insurance policy.,,
House,Thursday,Insurance,HB 4386,Wharton,Relating to the replacement transactions of certain life insurance and annuity contracts from an insurer to a replacing insurer.,,
House,Thursday,Insurance,HB 4877,Paul,Relating to the Texas Property and Casualty Insurance Guaranty Association.,,
House,Thursday,Insurance,SB 916,Zaffirini | et al.,Relating to consumer protections against certain medical and health care billing by emergency medical services providers.,,
House,Thursday,S/C on Property Tax Appraisals,HB 1952,Kerwin,Relating to the composition of county appraisal district boards of directors.,,
House,Thursday,S/C on Property Tax Appraisals,HB 3258,Button,Relating to the imposition of a penalty for failure to timely file a rendition statement or property report with the chief appraiser of an appraisal district.,,
House,Thursday,S/C on Property Tax Appraisals,HB 3524,Capriglione,Relating to ad valorem tax protests and appeals on the ground of the unequal appraisal of property.,,
House,Thursday,S/C on Property Tax Appraisals,HB 3851,Canales,Relating to leave for certain public employees to protest certain property tax actions before an appraisal review board.,,
House,Thursday,S/C on Property Tax Appraisals,HB 4478,Turner,Relating to the determination by an appraisal district of the capitalization rate to be used in the appraisal for ad valorem tax purposes of property used for low-income housing.,,
House,Thursday,S/C on Property Tax Appraisals,HB 4613,Turner,"Relating to the award of attorney's fees to an appraisal district, appraisal review board, or chief appraiser that prevails in an appeal on the ground that a property has been appraised for ad valorem tax purposes unequally.",,
House,Thursday,S/C on Property Tax Appraisals,HB 4703,Turner,Relating to the application of the market data comparison method of appraisal to determine the market value of real property for ad valorem tax purposes.,,
House,Thursday,S/C on Property Tax Appraisals,HB 4742,Geren,Relating to the ability of a school district to request an appraisal of property by the appraisal district.,,
House,Thursday,S/C on Property Tax Appraisals,HB 4744,Geren,Relating to the role of the members of the board of an appraisal district.,,
House,Thursday,S/C on Property Tax Appraisals,HB 4809,Meyer,Relating to the appraisal for ad valorem tax purposes of property that qualifies for an exemption as a historic or archaeological site.,,
House,Thursday,S/C on Property Tax Appraisals,HB 4864,Metcalf,Relating to the eligibility of a person to serve as an arbitrator in a binding arbitration of an appeal of an appraisal review board order.,,
Senate,Monday,"Water, Agriculture and Rural Affairs",SB 1055,Nichols,Relating to permit fees for groundwater wells imposed by the Southeast Texas Groundwater Conservation District.,,
Senate,Monday,"Water, Agriculture and Rural Affairs",SB 1169,"Hinojosa, Adam",Relating to public utility agencies; providing authority to issue bonds; providing authority to impose assessments.,,
Senate,Monday,"Water, Agriculture and Rural Affairs",SB 1285,Eckhardt,Relating to the protection of bats.,,
Senate,Monday,"Water, Agriculture and Rural Affairs",SB 1359,Parker,"Relating to the creation, powers, duties, and financing of the Wise Regional Water District; granting a limited power of eminent domain; providing authority to issue bonds; providing authority to impose fees; creating a criminal offense.",,
Senate,Monday,"Water, Agriculture and Rural Affairs",SB 1583,Blanco,Relating to management plans adopted by groundwater conservation districts.,,
Senate,Monday,"Water, Agriculture and Rural Affairs",SB 1898,Johnson,Relating to the discharge or use of certain firefighting foams for testing or training.,,
Senate,Monday,"Water, Agriculture and Rural Affairs",SB 1976,Hughes,Relating to certain testing requirements at certain wastewater treatment facilities.,,
Senate,Monday,"Water, Agriculture and Rural Affairs",SB 2160,Flores,Relating to the jurisdiction of the Public Utility Commission of Texas over municipally owned utility water and sewer service outside the corporate limits of a municipality.,,
Senate,Monday,"Water, Agriculture and Rural Affairs",SB 2161,Flores,Relating to expenses incurred in the appeal of rates for water or sewer service charged to certain customers.,,
Senate,Monday,"Water, Agriculture and Rural Affairs",SB 2658,Perry,Relating to an exemption from the requirement to obtain a permit from a groundwater conservation district for certain brackish groundwater wells.,,
Senate,Monday,"Water, Agriculture and Rural Affairs",SB 2660,Perry,Relating to the Hays Trinity Groundwater Conservation District; authorizing a fee.,,
Senate,Monday,"Water, Agriculture and Rural Affairs",SB 2661,Perry,Relating to penalties in certain suits involving a groundwater conservation district; increasing a penalty.,,
Senate,Monday,"Water, Agriculture and Rural Affairs",SB 2662,Perry,Relating to the enforcement of drought contingency plans by water and sewer utilities and the Public Utility Commission of Texas.,,
Senate,Monday,"Water, Agriculture and Rural Affairs",SB 2692,Hancock,"Relating to the eligibility of ratepayers to file an appeal regarding water, drainage, or sewer rates with the Public Utility Commission of Texas.",,
Senate,Monday,"Water, Agriculture and Rural Affairs",SB 1611,posting: SB 1611,,,
Senate,Monday,Economic Development,SB 1071,Eckhardt,Relating to the authority of certain municipalities to receive certain tax revenue derived from a hotel and convention center project and to pledge certain tax revenue for the payment of obligations related to the project.,,
Senate,Monday,Economic Development,SB 1444,Campbell,Relating to the authority of certain municipalities to receive certain tax revenue derived from a hotel and convention center project and to pledge certain tax revenue for the payment of obligations related to the project.,,
Senate,Monday,Economic Development,SB 1483,"Hinojosa, Adam",Relating to the authority of certain municipalities to receive certain tax revenue derived from a hotel and convention center project and to pledge certain tax revenue for the payment of obligations related to the project.,,
Senate,Monday,Economic Development,SB 1556,Flores,Relating to the authority of certain municipalities to use certain tax revenue for hotel and convention center projects.,,
Senate,Monday,Economic Development,SB 1703,Parker,Relating to the authority of certain municipalities to receive certain tax revenue derived from a hotel and convention center project and to pledge certain tax revenue for the payment of obligations related to the project.,,
Senate,Monday,Economic Development,SB 1756,Birdwell,Relating to the authority of certain municipalities to use certain tax revenue for hotel and convention center projects and other qualified projects.,,
Senate,Monday,Economic Development,SB 1854,West,Relating to the use of municipal hotel occupancy tax revenue by certain municipalities.,,
Senate,Monday,Economic Development,SB 2036,Kolkhorst,Relating to the authority and responsibilities of the Texas Historical Commission; authorizing fees.,,
Senate,Monday,Economic Development,SB 2133,"Hinojosa, Juan ""Chuy""",Relating to the authority of certain municipalities to use certain tax revenue for hotel and convention center projects.,,
Senate,Monday,Economic Development,SB 2297,Paxton,Relating to the authority of certain municipalities to use certain tax revenue for hotel and convention center projects.,,
Senate,Monday,Economic Development,SB 2622,King,Relating to the authority of certain municipalities to receive certain tax revenue derived from a hotel and convention center project and to pledge certain tax revenue for the payment of obligations related to the project.,,
Senate,Monday,Economic Development,SB 2779,Birdwell,Relating to the allocation and use of certain hotel occupancy tax revenues.,,
Senate,Monday,Economic Development,SB 2955,Parker,Relating to the authority of certain municipalities to receive certain tax revenue derived from a hotel and convention center project and to pledge certain tax revenue for the payment of obligations related to the project.,,
Senate,Monday,Economic Development,SB 2979,Hancock,Relating to establishing a child-care innovation pilot program.,,
Senate,Monday,State Affairs,SB 1540,Bettencourt,Relating to maintaining the confidentiality of the personal information of election officials and their employees.,,
Senate,Monday,State Affairs,SB 2225,Hancock,Relating to the creation of a spirit cooler certificate; authorizing a fee.,,
Senate,Monday,State Affairs,SB 2284,"Hinojosa, Adam","Relating to the authority of a municipality or county to regulate certain matters related to firearms, air guns, archery equipment, and other weapons and related supplies.",,
Senate,Monday,State Affairs,SB 2382,Bettencourt,Relating to requiring county use of the statewide computerized voter registration list.,,
Senate,Monday,State Affairs,SB 2487,Parker,Relating to procedures for and certain facilities providing crisis and mental health services.,,
Senate,Monday,State Affairs,SB 2514,Hughes,"Relating to establishing the hostile foreign organizations unit at the Department of Public Safety and training, prohibitions, reporting requirements, and community outreach designed to combat foreign influence; creating a criminal offense.",,
Senate,Monday,State Affairs,SB 2595,Middleton,"Relating to the creation of the criminal offense of harassing, intimidating, or threatening another person while concealing identity with a mask or other headgear.",,
Senate,Monday,State Affairs,SB 2753,Hall,"Relating to the time, place, and manner of voting, including abolishing early and absentee voting, providing for a voting period, and establishing voting centers; reestablishing criminal offenses and authorization for certain fees.",,
Senate,Monday,State Affairs,SB 2876,Hughes,Relating to increasing the criminal penalty for participating in a riot while wearing a mask or other face covering.,,
Senate,Monday,State Affairs,SB 2877,Hughes,Relating to the penalty for the crime of election fraud; increasing a criminal penalty.,,
Senate,Monday,State Affairs,SB 3031,Huffman,Relating to the punishment for the offense of aggravated assault.,,
Senate,Monday,State Affairs,SB 2753,SB 2753,,,
Senate,Monday,Administration,SB 2053,Birdwell,Relating to creating the Governor's Medal of Service award to recognize service to the people of Texas.,,
Senate,Monday,Administration,SCR 19,Parker,Authorizing the State Preservation Board to approve the construction of a replica of the National Life Monument at the State Capitol Complex.,,
Senate,Monday,Administration,SCR 23,Parker,Designating the first full week in April as Gifted and Talented Students Week for a 10-year period ending in 2035.,,
Senate,Monday,Administration,SCR 29,Blanco,Designating El Paso as the official Boot Capital of Texas for a 10-year period ending in 2035.,,
Senate,Monday,Local Government,SB 467,Paxton | et al.,Relating to the reappraisal for ad valorem taxation purposes of real property on which a building compl ely destroyed by a casualty is located.,,
Senate,Monday,Local Government,SB 325,Perry,Relating to county regulation of subdivisions and approval of subdivision plans or plats.,,
Senate,Monday,Local Government,SB 867,Bettencourt | et al.,Relating to housing finance corporations; authorizing a fee.,,
Senate,Monday,Local Government,SB 994,Nichols | et al.,Relating to an exemption from ad valorem taxation of tangible personal property consisting of animal feed held by the owner of the property for sale at r ail.,,
Senate,Monday,Local Government,SB 1052,"Hinojosa, Juan ""Chuy"" | et al.",Relating to the calculation of certain ad valorem tax rates of a taxing unit for a year in which a property owner provides notice that the owner intends to appeal an order of an appraisal review board d ermining a protest by the owner regarding the appraisal of the owner's property.,,
Senate,Monday,Local Government,SB 1237,Paxton,Relating to the exemption from ad valorem taxation of certain property owned by a charitable organization that is engaged in providing housing and related facilities and services to persons who are at least 62 years of age.,,
Senate,Monday,Local Government,SB 1449,Bettencourt,Relating to the repeal of provisions authorizing certain taxing units in the year following the year in which a disaster occurs to adopt an ad valorem tax rate that exceeds the voter-approval tax rate without holding an election to approve the adopted tax rate; making conforming changes.,,
Senate,Monday,Local Government,SB 1531,"Hinojosa, Juan ""Chuy""",Relating to the electronic payment of ad valorem taxes; authorizing a fee.,,
Senate,Monday,Local Government,SB 2063,Parker,Relating to ad valorem tax protests and appeals on the ground of the unequal appraisal of property.,,
Senate,Monday,Local Government,SB 2172,Parker,Relating to the authority of the chief appraiser of an appraisal district to require a person allowed an exemption from ad valorem taxation of a residence homestead to file a new application or confirm the person's current qualification for the exemption.,,
Senate,Monday,Local Government,SB 2173,Parker,Relating to the effect of a tax certificate accompanying a transfer of certain property.,,
Senate,Monday,Local Government,SB 2520,Bettencourt,Relating to the calculation of the limitation on the total amount of ad valorem taxes imposed by a school district on the residence homestead of an individual who is elderly or disabled.,,
Senate,Monday,Local Government,SB 2529,Bettencourt,Relating to the vote required by the governing body of a taxing unit to adopt an ad valorem tax rate that exceeds the voter-approval tax rate or authorize the issuance of tax bonds.,,
Senate,Monday,Local Government,SB 2538,Bettencourt,Relating to the plan required to be adopted by the board of directors of an appraisal district for periodically conducting certain reappraisal activities.,,
Senate,Monday,Local Government,SB 2541,Bettencourt,Relating to the repeal of provisions providing for the calculation of an unused increment rate and the use of that rate in calculating certain other ad valorem tax rates.,,
Senate,Monday,Local Government,SJR 46,Nichols | et al.,Proposing a constitutional amendment authorizing the legislature to exempt from ad valorem taxation tangible personal property consisting of animal feed held by the owner of the property for sale at r ail.,,
Senate,Tuesday,Business & Commerce,SB 383,Middleton,Relating to prohibiting interconnection of an offshore wind power facility.,,
Senate,Tuesday,Business & Commerce,SB 1012,Kolkhorst | et al.,"Relating to authorizing the sale by the State of Texas of certain real property located in Austin, Texas.",,
Senate,Tuesday,Business & Commerce,SB 1181,Alvarado,Relating to the regulation of combative sports by the Texas Department of Licensing and Regulation; creating a criminal offense.,,
Senate,Tuesday,Business & Commerce,SB 1705,Parker,Relating to the regulation of virtual currency kiosks.,,
Senate,Tuesday,Business & Commerce,SB 2075,Zaffirini,"Relating to the establishment, powers and duties, terms, and governance of certain advisory bodies for programs administered by the Texas Department of Licensing and Regulation.",,
Senate,Tuesday,Business & Commerce,SB 2221,Parker,Relating to the filing of a fraudulent financing statement in relation to certain secured transactions; authorizing the imposition of a fee.,,
Senate,Tuesday,Business & Commerce,SB 2586,Flores,Relating to information that a property owners' association must file with the Texas Real Estate Commission; authorizing an administrative penalty.,,
Senate,Tuesday,Business & Commerce,SB 2864,Creighton,"Relating to the applicability of the Texas Electrical Safety and Licensing Act to, and the regulation by certain political subdivisions of, the installation of roofing materials containing integrated photovoltaic technology.",,
Senate,Tuesday,Business & Commerce,SB 2994,Johnson,Relating to energy efficiency goals and programs.,,
Senate,Tuesday,Criminal Justice,SB 330,Huffman,Relating to an election to approve a reduction or reallocation of funding or resources for certain county prosecutors' offices.,,
Senate,Tuesday,Criminal Justice,SB 663,Huffman,Relating to the approval of a community supervision and corrections department's budget and strategic plan.,,
Senate,Tuesday,Criminal Justice,SB 1020,Huffman,"Relating to personal bond offices, to the notification provided to a judge regarding tampering with an electronic monitoring device while released on bond or community supervision, and to the availability of certain information regarding a person required to submit to an electronic monitoring program.",,
Senate,Tuesday,Criminal Justice,SB 1152,Huffman,Relating to creating the criminal offense of continuous manufacture or delivery of a controlled substance.,,
Senate,Tuesday,Criminal Justice,SB 1164,Zaffirini,Relating to emergency detention of certain persons evidencing mental illness and to court-ordered inpatient and extended mental health services.,,
Senate,Tuesday,Criminal Justice,SB 1896,Huffman,Relating to the provision of information regarding an arrested person to a magistrate for purposes of an order of emergency protection.,,
Senate,Tuesday,Criminal Justice,SB 2111,Zaffirini,Relating to legal representation of indigent persons in this state and to proceedings before a magistrate including the appointment of counsel for an indigent defendant.,,
Senate,Tuesday,Criminal Justice,SB 2196,Johnson,Relating to the period during which an order for emergency protection remains in effect.,,
Senate,Tuesday,Criminal Justice,SB 2383,Bettencourt,Relating to the employment of certain peace officers of the Department of Public Safety.,,
Senate,Tuesday,Criminal Justice,SB 2581,Hancock,Relating to the repeal of a provision governing the operation of jail commissaries in certain counties.,,
Senate,Tuesday,Criminal Justice,SB 2797,Creighton,Relating to discovery requirements in a criminal case.,,
Senate,Tuesday,Criminal Justice,SB 2798,Creighton,"Relating to certain statutes of limitations for criminal offenses, including the statute of limitations for certain fraud offenses.",,
Senate,Tuesday,Veteran Affairs,SB 2007,Hagenbuch,Relating to the voluntary disclosure by an applicant for registration of a motor vehicle of the applicant's military status.,,
Senate,Tuesday,Veteran Affairs,SB 2104,Blanco,Relating to the prohibition of military status discrimination.,,
Senate,Tuesday,Veteran Affairs,SB 2543,Hancock,Relating to the location of and the amount of certain revenue that may be used for state veterans cemeteries.,,
Senate,Tuesday,Veteran Affairs,SB 2545,Hancock,Relating to the establishment of a down payment assistance grant program for veterans purchasing manufactured homes and the dedication of certain sales and use tax revenue to finance that program.,,
Senate,Tuesday,Veteran Affairs,SB 2926,Zaffirini,Relating to the transition of certain veterans' mental health initiatives from the Texas Health and Human Services Commission to the Texas Veterans Commission.,,
Senate,Tuesday,Veteran Affairs,SB 2938,Menéndez,Relating to the verification of the veteran status of inmates and prisoners.,,
Senate,Tuesday,Border Security,SB 2601,Blanco,Relating to a program to compensate landowners for property damage.,,
Senate,Tuesday,Health & Human Services,SB 623,Schwertner,"Relating to the authority of a pharmacist to determine whether to administer a vaccine, including a COVID-19 vaccine.",,
Senate,Tuesday,Health & Human Services,SB 1266,Alvarado,Relating to Medicaid provider enrollment and credentialing processes.,,
Senate,Tuesday,Health & Human Services,SB 1310,Cook | et al.,Relating to senior independent living communities; providing a civil penalty.,,
Senate,Tuesday,Health & Human Services,SB 1373,"Hinojosa, Juan ""Chuy""",Relating to the process by which a hospital makes certain determinations regarding medical staff privileges.,,
Senate,Tuesday,Health & Human Services,SB 1580,Blanco,Relating to the composition of the governing body of a local mental health authority.,,
Senate,Tuesday,Health & Human Services,SB 1952,Paxton | et al.,Relating to the administration and operation of the school health and related services program.,,
Senate,Tuesday,Health & Human Services,SB 2032,Paxton,Relating to certain requirements regarding a contract between a single source continuum contractor and the Department of Family and Protective Services.,,
Senate,Tuesday,Health & Human Services,SB 2269,Perry,Relating to dispute resolution for and enforcement actions against certain long-term care facilities.,,
Senate,Tuesday,Health & Human Services,SB 2544,Hancock,Relating to eligibility for mediation of certain out-of-network health benefit claims.,,
Senate,Tuesday,Health & Human Services,SB 2653,Hall,Relating to the prohibition on water fluoridation; creating a penalty.,,
Senate,Tuesday,Health & Human Services,SB 2796,Hughes,Relating to the Cancer Prevention Research Institute's fiscal responsibilities to the state of Texas.,,
Senate,Wednesday,Health & Human Services,SB 1406,Parker,Relating to persons with the authority to donate a body to certain entities for the advancement of medical or forensic science.,,
Senate,Wednesday,Health & Human Services,SB 1681,Menéndez,Relating to an annual boarding home facility report for certain counties and municipalities.,,
Senate,Wednesday,Health & Human Services,SB 2480,Campbell,Relating to the administration of the Texas Physician Health Program; the disciplinary authority of the Texas Medical Board; imposing a surcharge.,,
Senate,Wednesday,Health & Human Services,SB 2721,Parker | et al.,Relating to the licensing and regulation of persons who provide services in relation to the deceased; creating a criminal offense and increasing the punishment for an existing criminal offense; expanding the application of a fee.,,
Senate,Wednesday,Natural Resources,SB 410,Middleton,Relating to the management and operation of the Gulf Coast Protection District.,,
Senate,Wednesday,Natural Resources,SB 795,Alvarado,Relating to creation of the gulf coast protection account to be administered by the General Land Office.,,
Senate,Wednesday,Natural Resources,SB 2510,Kolkhorst | et al.,Relating to establishment of the temporary prescribed burn manager self-insurance pool; authorizing a fee.,,
Senate,Wednesday,Natural Resources,SB 728,Johnson,Relating to an incentive program to promote beverage container recycling.,,
Senate,Wednesday,Natural Resources,SB 2689,Hancock,"Relating to the development, promotion, and funding of certain recycling projects.",,
Senate,Wednesday,Natural Resources,HB 143,King | et al. SP: Hancock,Relating to the authority of the Railroad Commission of Texas and the Public Utility Commission of Texas to address a failure by an operator to maintain an electrical power line serving a well site or certain surface facilities in accordance with the National Electrical Code.,,
Senate,Wednesday,Transportation,SB 682,Hughes,Relating to the designation of a portion of Farm-to-Market Road 2493 in Smith County as the Captain Kevin Williams and Firefighter Austin Cheek Memorial Highway.,,
Senate,Wednesday,Transportation,SB 1013,Eckhardt,Relating to the definition of a crosswalk.,,
Senate,Wednesday,Transportation,SB 1369,Hughes,Relating to the designation of a portion of State Highway 11 in Morris County as the Army Staff Sergeant Samuel T. Castle Memorial Highway.,,
Senate,Wednesday,Transportation,SB 1422,Hughes,Relating to the designation of a portion of Farm-to-Market Road 852 in Upshur County as the Petty Officer Billy Machen Bridge.,,
Senate,Wednesday,Transportation,SB 2001,King,"Relating to the registration of vehicles, the issuance of disabled parking placards, and certain benefits associated with that registration or issuance for certain peace officers with disabilities; authorizing a fee.",,
Senate,Wednesday,Transportation,SB 2080,Alvarado,"Relating to the records, management, and taxation of navigation districts and certain port and harbor facilities.",,
Senate,Wednesday,Transportation,SB 2366,Hughes | et al.,Relating to a grant program to fund certain short line railroad projects.,,
Senate,Wednesday,Transportation,SB 2705,Hagenbuch,"Relating to fees for the issuance of certain specialty license plates and an exemption from vehicle registration for certain trailers, semitrailers, tractors, and implements of husbandry.",,
Senate,Wednesday,Transportation,SB 2841,"Hinojosa, Adam",Relating to the route designation for the issuance of a permit for the movement of oversize and overweight vehicles that serve a deepwater seaport on the U.S.-Mexico Border.,,
Senate,Wednesday,Finance,SB 1211,Perry,Relating to an exemption from sales and use taxes for certain tangible personal property used in hydraulic fracturing.,,
Senate,Wednesday,Finance,SB 1574,Zaffirini,Relating to a centers of excellence program developed by the Texas Judicial Council and a merit payment for certain justices and judges.,,
Senate,Wednesday,Finance,SB 2774,"Hinojosa, Adam",Relating to the classification of certain entities as primarily engaged in retail trade for purposes of the franchise tax.,,
Senate,Wednesday,Finance,SB 2873,Kolkhorst,Relating to the requirement that certain reports be filed electronically.,,
Senate,Wednesday,Finance,SB 2900,Kolkhorst,Relating to the review of existing boards and commissions under the jurisdiction of the comptroller for continuity and to the repeal of certain committees under the jurisdiction of the comptroller.,,
Senate,Wednesday,Finance,HJR 4,Meyer | et al. SP: Parker,Proposing a constitutional amendment prohibiting the enactment of a law imposing an occupation tax on certain entities that enter into transactions conveying securities or imposing a tax on certain securities transactions.,,
